s,l,m,n,a,omega,shift_omega,error_omega
2,2,2,0,0.0,0.3736716844180416 - 0.08896231568893692im,0.025817672858301017 - 0.0028240321230564185im,1.8711428530814675e-11
2,2,2,0,0.005,0.3743023147457077 - 0.08895220536406796im,0.02615639924778218 - 0.002818400283863771im,9.666563310678706e-11
2,2,2,0,0.01,0.3749365684175738 - 0.08894183085067661im,0.026498792868099537 - 0.0028124439624948143im,1.7236544352315235e-10
2,2,2,0,0.015,0.3755744822567478 - 0.08893118874764938im,0.026844908415759896 - 0.002806157453220432im,7.893694170225581e-10
2,2,2,0,0.02,0.37621609363423614 - 0.08892027558951468im,0.02719480282385488 - 0.0027995347365507147im,6.044538842794026e-10
2,2,2,0,0.025,0.37686144047976844 - 0.08890908784482711im,0.02754853291142245 - 0.002792569680615249im,9.9960250367078e-10
2,2,2,0,0.03,0.37751056129292293 - 0.08889762191471431im,0.027906158023829314 - 0.0027852557030230663im,1.1797470629758403e-9
2,2,2,0,0.035,0.3781634951545041 - 0.08888587413126336im,0.02826773618440955 - 0.0027775872030861154im,3.124692965840747e-10
2,2,2,0,0.04,0.37882028173821536 - 0.08887384075588638im,0.028633329584335173 - 0.0027695569628162007im,4.314234269012479e-10
2,2,2,0,0.045,0.3794809613226173 - 0.08886151797764169im,0.029003000311562124 - 0.0027611582541856323im,7.90459266334882e-10
2,2,2,0,0.05,0.380145574803391 - 0.08884890191151157im,0.02937681094109536 - 0.002752384583548932im,3.4932554733814845e-10
2,2,2,0,0.055,0.38081416370590904 - 0.0888359885966131im,0.029754826723295876 - 0.0027432285864123183im,5.106585881423182e-10
2,2,2,0,0.06,0.3814867701981305 - 0.08882277399438732im,0.0301371131627431 - 0.002733683277777849im,5.764909798304348e-10
2,2,2,0,0.065,0.3821634371038188 - 0.08880925398670908im,0.03052373807634772 - 0.00272374098985774im,1.1121792769616455e-9
2,2,2,0,0.07,0.3828442079161018 - 0.08879542437393817im,0.030914770554185535 - 0.0027133939231979345im,2.359226184382937e-10
2,2,2,0,0.075,0.3835291268113885 - 0.0887812808729625im,0.03131027977363169 - 0.002702634830533996im,4.1970587754466535e-10
2,2,2,0,0.08,0.3842182386636336 - 0.08876681911510671im,0.03171033843442936 - 0.0026914551356116453im,9.744889455760138e-10
2,2,2,0,0.085,0.3849115890589862 - 0.08875203464405687im,0.03211501841122243 - 0.00267984735865277im,5.833807385813025e-10
2,2,2,0,0.09,0.38560922431081684 - 0.08873692291366594im,0.03252439552113991 - 0.002667802477157921im,8.262000116410062e-10
2,2,2,0,0.095,0.3863111914751403 - 0.08872147928572076im,0.03293854582736835 - 0.002655311994057322im,6.877144139493652e-10
2,2,2,0,0.1,0.38701753836644953 - 0.08870569902764128im,0.033357547094548023 - 0.0026423671709832736im,8.718799977483099e-10
2,2,2,0,0.105,0.38772831357397136 - 0.08868957731010545im,0.0337814792181961 - 0.0026289587599671255im,2.8540610853378415e-10
2,2,2,0,0.11,0.38844356647835154 - 0.0886731092045964im,0.03421042290794014 - 0.002615077828094673im,1.4200318925893227e-9
2,2,2,0,0.115,0.38916334726879936 - 0.08865628968089727im,0.03464446223533622 - 0.002600714237642671im,5.033219999176917e-10
2,2,2,0,0.12,0.38988770696068537 - 0.08863911360447613im,0.0350836816674158 - 0.0025858584557994693im,6.422724834133326e-10
2,2,2,0,0.125,0.3906166974136299 - 0.08862157573382942im,0.03552816754894462 - 0.0025705007022174134im,2.0762796733597963e-10
2,2,2,0,0.13,0.3913503713500699 - 0.0886036707177005im,0.03597800881518151 - 0.0025546305020590506im,9.413233416859775e-10
2,2,2,0,0.135,0.3920887823743571 - 0.08858539309226017im,0.03643329704383841 - 0.0025382366832250214im,7.100058408009941e-10
2,2,2,0,0.14,0.3928319849923656 - 0.08856673727814757im,0.036894123773692666 - 0.002521309096453262im,4.748955508278985e-10
2,2,2,0,0.145,0.393580034631657 - 0.08854769757746733im,0.037360584303814164 - 0.0025038362392629005im,3.169079433696148e-10
2,2,2,0,0.15,0.3943329876622059 - 0.088528268170658im,0.03783277546342152 - 0.002485806696572033im,2.367134235300709e-10
2,2,2,0,0.155,0.3950909014177053 - 0.0885084431132761im,0.03831079644970594 - 0.0024672086303690302im,9.964693289802512e-10
2,2,2,0,0.16,0.39585383421748 - 0.08848821633267415im,0.03879474926757153 - 0.002448029507778581im,4.1689989423115927e-10
2,2,2,0,0.165,0.39662184538901996 - 0.08846758162457541im,0.0392847367300548 - 0.0024282574967932602im,2.378521517308025e-10
2,2,2,0,0.17,0.3973949952911585 - 0.08844653264952863im,0.039780865681779444 - 0.0024078793161429342im,1.2803324218516495e-9
2,2,2,0,0.175,0.3981733453379204 - 0.08842506292927524im,0.04028324376333403 - 0.002386882488000508im,4.24127655311518e-10
2,2,2,0,0.18,0.398956958023055 - 0.08840316584295599im,0.04079198334905754 - 0.002365252614172804im,1.216363865204226e-10
2,2,2,0,0.185,0.39974589694528895 - 0.08838083462323218im,0.04130719760779763 - 0.002342976204832006im,4.668419680479614e-10
2,2,2,0,0.19,0.40054022683431334 - 0.08835806235225811im,0.04182900298888242 - 0.002320038962179413im,5.812580290755058e-10
2,2,2,0,0.195,0.40134001357754195 - 0.08833484195753422im,0.04235751851455238 - 0.0022964263544185564im,4.4547026491598255e-10
2,2,2,0,0.2,0.4021453242476552 - 0.08831116620760224im,0.0428928671350856 - 0.0022721225798804485im,1.058543460697024e-9
2,2,2,0,0.205,0.4029562271309724 - 0.08828702770762926im,0.043435172672652206 - 0.002247112996956304im,5.676465131424791e-11
2,2,2,0,0.21,0.4037727917566687 - 0.0882624188948024im,0.04398456414830002 - 0.0022213808470168375im,6.106904431106273e-10
2,2,2,0,0.215,0.4045950889268768 - 0.08823733203360692im,0.044541171998136696 - 0.0021949102186178474im,3.4232489495081424e-10
2,2,2,0,0.22,0.40542319074770045 - 0.08821175921091792im,0.045105131372150206 - 0.0021676835752815027im,4.39515287465631e-10
2,2,2,0,0.225,0.40625717066117756 - 0.08818569233093437im,0.04567657949105688 - 0.0021396838291986267im,9.191461419234463e-10
2,2,2,0,0.23,0.40709710347822003 - 0.08815912310995148im,0.04625565725709012 - 0.002110893189334291im,2.2932774493638798e-10
2,2,2,0,0.235,0.40794306541257774 - 0.08813204307091137im,0.046842509648909056 - 0.0020812928847551678im,2.2282345948846178e-10
2,2,2,0,0.24,0.40879513411585594 - 0.08810444353782836im,0.04743728526357401 - 0.0020508635806952375im,1.1348922752106158e-9
2,2,2,0,0.245,0.4096533887136287 - 0.08807631562995524im,0.048040135459418064 - 0.002019586343890669im,1.1136995435053913e-9
2,2,2,0,0.25,0.41051790984268954 - 0.08804765025579266im,0.04865121591647245 - 0.0019874407593993577im,4.134074825080098e-10
2,2,2,0,0.255,0.4113887796894857 - 0.08801843810685853im,0.04927068736369411 - 0.001954405646708797im,3.444357003350965e-10
2,2,2,0,0.26,0.4122660820297746 - 0.08798866965124823im,0.049898713196233596 - 0.001920459950574868im,1.0631839783377243e-9
2,2,2,0,0.265,0.4131499022695574 - 0.08795833512696509im,0.05053546228869787 - 0.0018855809514310628im,4.410545851985989e-10
2,2,2,0,0.27,0.4140403274873315 - 0.08792742453500722im,0.051181106305883795 - 0.0018497467493037167im,3.770695634949752e-10
2,2,2,0,0.275,0.4149374464777224 - 0.08789592763219994im,0.051835823222540676 - 0.0018129330590038368im,6.220829994584623e-10
2,2,2,0,0.28,0.41584134979653853 - 0.08786383392378255im,0.05249979406288316 - 0.0017751164169225264im,6.171253754259379e-10
2,2,2,0,0.285,0.4167521298073175 - 0.08783113265571758im,0.053173206510452584 - 0.0017362708840911983im,9.417119092259766e-10
2,2,2,0,0.29,0.41766988072940997 - 0.08779781280669266im,0.053856251078797816 - 0.0016963717400913672im,3.0563571023815937e-10
2,2,2,0,0.295,0.41859469868767657 - 0.08776386307987456im,0.0545491255192253 - 0.0016553915344026916im,4.1082426139240935e-10
2,2,2,0,0.3,0.4195266817638512 - 0.08772927189431276im,0.05525203136363362 - 0.0016133033991521009im,4.386601282699892e-10
2,2,2,0,0.305,0.42046593004964594 - 0.08769402737604162im,0.05596517655585505 - 0.0015700787587298382im,1.0162163487970952e-9
2,2,2,0,0.31,0.4214125457016662 - 0.08765811734884559im,0.05668877488583578 - 0.0015256879916419504im,5.14416565627461e-10
2,2,2,0,0.315,0.42236663299821314 - 0.08762152932466231im,0.05742304467340626 - 0.0014801018580284234im,1.0374771829548042e-9
2,2,2,0,0.32,0.4233282983980444 - 0.0875842504936403im,0.05816821226079402 - 0.0014332882530812968im,5.981849003697159e-10
2,2,2,0,0.325,0.42429765060118657 - 0.08754626771377914im,0.05892450886037598 - 0.0013852154786813742im,7.132902055027782e-10
2,2,2,0,0.33,0.4252748006118809 - 0.08750756750022888im,0.05969217287100859 - 0.0013358501475015966im,8.479819319816364e-10
2,2,2,0,0.335,0.42625986180374165 - 0.08746813601409378im,0.06047144952068719 - 0.0012851577240453025im,4.021389945729703e-10
2,2,2,0,0.34,0.42725294998724617 - 0.08742795905087083im,0.06126259063493232 - 0.0012331029061332635im,5.553546957164748e-10
2,2,2,0,0.345,0.42825418347963123 - 0.08738702202837648im,0.06206585556697919 - 0.0011796489979570865im,1.7506005006199026e-10
2,2,2,0,0.35,0.42926368317732105 - 0.08734530997423814im,0.0628815112362373 - 0.001124757964766457im,1.8011665995128907e-10
2,2,2,0,0.355,0.43028157263098066 - 0.08730280751285183im,0.06370983244923988 - 0.0010683904341784im,2.4548029555366356e-10
2,2,2,0,0.36,0.4313079781233239 - 0.08725949885182964im,0.06455110204547773 - 0.0010105057611486709im,1.312242948736377e-10
2,2,2,0,0.365,0.43234302874979114 - 0.08721536776790405im,0.06540561109295008 - 0.0009510620379407185im,2.112081792584347e-10
2,2,2,0,0.37,0.43338685650222525 - 0.0871703975922454im,0.06627365945069932 - 0.0008900158818718133im,3.4385403776915025e-10
2,2,2,0,0.375,0.43443959635568363 - 0.08712457119517798im,0.0671555563328888 - 0.0008273219199857986im,1.4485902901144408e-10
2,2,2,0,0.38,0.43550138635852964 - 0.08707787097027536im,0.06805162010497698 - 0.0007629335720988197im,8.56208334273979e-10
2,2,2,0,0.385,0.4365723677259461 - 0.08703027881778079im,0.06896217828232444 - 0.00069680325460142im,5.097972348101382e-10
2,2,2,0,0.39,0.4376526849370419 - 0.0869817761273322im,0.06988756990939515 - 0.0006288799471970091im,2.2314241230730795e-10
2,2,2,0,0.395,0.43874248583570513 - 0.08693234375997906im,0.0708281433396765 - 0.0005591123427698796im,8.603826978173836e-10
2,2,2,0,0.4,0.43984192173538683 - 0.0868819620293971im,0.07178425789192627 - 0.00048744713974622im,2.721068551723363e-10
2,2,2,0,0.405,0.4409511475280011 - 0.08683061068233865im,0.07275628519222496 - 0.0004138279283834471im,2.453155638628748e-10
2,2,2,0,0.41,0.44207032179713257 - 0.08677826887820488im,0.07374460775660382 - 0.0003381974205688856im,3.272267259084726e-10
2,2,2,0,0.415,0.44319960693576427 - 0.08672491516775278im,0.07474962065206837 - 0.00026049576940601396im,2.788202854121522e-10
2,2,2,0,0.42,0.4443391692687412 - 0.08667052747086607im,0.0757717320014784 - 0.00018066062179160152im,8.322927771792171e-10
2,2,2,0,0.425,0.445489179180201 - 0.0866150830533363im,0.0768113626873201 - 9.862791338346251e-5im,9.029275734054075e-10
2,2,2,0,0.43,0.44664981124622205 - 0.08655855850261968im,0.07786894757077088 - 1.433103068880614e-5im,6.866134808368468e-10
2,2,2,0,0.435,0.4478212443729384 - 0.08650092970251055im,0.07894493666981992 + 7.230021093440076e-5im,6.750883994678663e-10
2,2,2,0,0.44,0.44900366194040714 - 0.08644217180666207im,0.08003979430718224 + 0.00016133776436724713im,4.5095406954398336e-10
2,2,2,0,0.445,0.450197251952508 - 0.08638225921091072im,0.08115400031800567 + 0.0002528560768376357im,5.746323488459192e-10
2,2,2,0,0.45,0.45140220719319407 - 0.08632116552433378im,0.08228805120292419 + 0.0003469330774393428im,5.388193501162137e-10
2,2,2,0,0.455,0.4526187253894135 - 0.08625886353897341im,0.08344246049051196 + 0.00044364974967781403im,5.660988353551059e-10
2,2,2,0,0.46,0.45384700938104683 - 0.08619532519813107im,0.08461775927099208 + 0.0005430899554983198im,5.582282788554818e-10
2,2,2,0,0.465,0.455087267298237 - 0.08613052156319723im,0.08581449766068566 + 0.0006453417606313771im,1.0049456974989595e-9
2,2,2,0,0.47,0.4563397127464942 - 0.08606442277890143im,0.08703324433868274 + 0.0007504955129439887im,1.4655672453348536e-9
2,2,2,0,0.475,0.4576045649999963 - 0.0859969980369047im,0.08827458830018305 + 0.0008586453792908832im,7.669918388053521e-10
2,2,2,0,0.48,0.4588820492035219 - 0.08592821553765238im,0.08953914088347752 + 0.0009698913743746716im,8.10038536886709e-10
2,2,2,0,0.485,0.4601723965834907 - 0.08585804245035696im,0.09082753386841011 + 0.0010843350198037945im,1.0091354924112597e-9
2,2,2,0,0.49,0.4614758446686081 - 0.08578644487103684im,0.0921404228982259 + 0.0012020833355719923im,1.0011397869207823e-9
2,2,2,0,0.495,0.4627926375206481 - 0.08571338777848923im,0.09347848761732358 + 0.0013232475914335717im,8.968608497067237e-10
2,2,2,0,0.5,0.4641230259759382 - 0.08563883498806438im,0.0948424332746004 + 0.0014479443771048509im,1.183084602823763e-9
2,2,2,0,0.505,0.46546726789816145 - 0.08556274910312467im,0.09623299090296362 + 0.0015762940616783094im,1.1122789869935728e-9
2,2,2,0,0.51,0.46682562844310993 - 0.08548509146404194im,0.09765091988042525 + 0.0017084232795308717im,1.4804576254745408e-9
2,2,2,0,0.515,0.46819838033608574 - 0.08540582209460096im,0.0990970081451512 + 0.0018444633586351836im,1.366514458574011e-9
2,2,2,0,0.52,0.46958580416268864 - 0.08532489964563014im,0.1005720742655486 + 0.0019845517140836327im,1.244240315490789e-9
2,2,2,0,0.525,0.47098818867376924 - 0.08524228133570037im,0.1020769692637201 + 0.0021288326871752184im,4.924928594796467e-10
2,2,2,0,0.53,0.4724058311054019 - 0.08515792288872692im,0.10361257650978054 + 0.002277455133304997im,2.0569092283280704e-10
2,2,2,0,0.535,0.47383903751477136 - 0.08507177846824397im,0.10517981547081565 + 0.0024305760075680597im,1.5516391025640878e-9
2,2,2,0,0.54,0.4752881231329432 - 0.0849838006081785im,0.10677964239336933 + 0.0025883590429095975im,1.6066072487649995e-9
2,2,2,0,0.545,0.47675341273555527 - 0.08489394013989482im,0.10841305267958802 + 0.0027509762249047776im,5.937043276876332e-10
2,2,2,0,0.55,0.4782352410325393 - 0.08480214611524714im,0.11008108152194616 + 0.002918605491923704im,4.852629055443876e-10
2,2,2,0,0.555,0.4797339530780711 - 0.08470836572539146im,0.11178480807954407 + 0.003091434783101672im,3.3643523134449045e-10
2,2,2,0,0.56,0.4812499047020283 - 0.08461254421511684im,0.11352535651448725 + 0.003269660446198887im,4.503866608540085e-10
2,2,2,0,0.565,0.48278346296434116 - 0.08451462479233068im,0.1153038984954873 + 0.0034534879761258684im,4.0807823088276325e-10
2,2,2,0,0.57,0.4843350066337103 - 0.0844145485324391im,0.11712165584032576 + 0.0036431326645861056im,5.211396199109346e-10
2,2,2,0,0.575,0.4859049266923101 - 0.08431225427722067im,0.11897990390817545 + 0.0038388208977357847im,1.5390468548338247e-10
2,2,2,0,0.58,0.48749362686817727 - 0.08420767852787538im,0.12087997318195393 + 0.004040789219254996im,1.0102430397025694e-10
2,2,2,0,0.585,0.4891015241971715 - 0.08410075533180139im,0.12282325351514056 + 0.004249286358213732im,2.292704018377292e-10
2,2,2,0,0.59,0.490729049616499 - 0.0839914161626636im,0.12481119686530669 + 0.004464573154669855im,1.2135713561565416e-10
2,2,2,0,0.595,0.49237664859197516 - 0.08387958979332015im,0.12684532138857563 + 0.004686924043009704im,1.507410198923601e-10
2,2,2,0,0.6,0.4940447817813844 - 0.08376520216103935im,0.12892721447565333 + 0.004916626833587531im,4.686579906653403e-10
2,2,2,0,0.605,0.4957339257364685 - 0.08364817622451957im,0.13105853782170138 + 0.005153984899367567im,1.510348337347151e-10
2,2,2,0,0.61,0.4974445736463177 - 0.08352843181201815im,0.13324103072344734 + 0.0053993166769709024im,1.7632166711173135e-10
2,2,2,0,0.615,0.4991772361251369 - 0.08340588546003018im,0.13547651540733643 + 0.005652957532368818im,2.305265285547613e-10
2,2,2,0,0.62,0.5009324420476631 - 0.08328045024174371im,0.13776690211996626 + 0.005915260949572463im,2.787171890584755e-10
2,2,2,0,0.625,0.5027107394357417 - 0.08315203558451731im,0.14011419418924564 + 0.0061865991501185965im,2.3657487345183697e-10
2,2,2,0,0.63,0.5045126963999318 - 0.08302054707554249im,0.14252049400667266 + 0.006467364674366738im,2.1702788534979133e-10
2,2,2,0,0.635,0.5063389021403145 - 0.08288588625475357im,0.1449880091459854 + 0.006757971448539378im,2.2151025262270408e-10
2,2,2,0,0.64,0.5081899680110893 - 0.08274795039399471im,0.1475190594003832 + 0.007058856667648587im,2.322015455991366e-10
2,2,2,0,0.645,0.510066528653943 - 0.08260663226134503im,0.15011608366917037 + 0.00737048191171283im,6.461832447254958e-10
2,2,2,0,0.65,0.5119692432056556 - 0.08246181986940371im,0.15278164830206437 + 0.007693335453039859im,6.10350523181245e-10
2,2,2,0,0.655,0.5138987965859196 - 0.0823133962061972im,0.15551845510216805 + 0.008027933447160573im,3.1964592201997857e-10
2,2,2,0,0.66,0.5158559008719247 - 0.08216123894729098im,0.15832935040434448 + 0.00837482170986608im,3.102227191431601e-10
2,2,2,0,0.665,0.5178412967668944 - 0.08200522014752783im,0.1612173357476755 + 0.008734579030687159im,3.3058436995360513e-10
2,2,2,0,0.67,0.5198557551704818 - 0.0818452059105891im,0.1641855780996533 + 0.009107818719054249im,4.082622406648377e-10
2,2,2,0,0.675,0.5219000788597159 - 0.081681056034544im,0.16723742148302384 + 0.009495190882716288im,4.948149402946098e-10
2,2,2,0,0.68,0.5239751042900838 - 0.0815126236311997im,0.1703763999820419 + 0.009897385721700827im,4.3166754718034655e-10
2,2,2,0,0.685,0.526081703527321 - 0.08133975471694488im,0.17360625176700223 + 0.010315136905558969im,4.674280432635067e-10
2,2,2,0,0.69,0.5282207863216012 - 0.08116228777249648im,0.17693093367740167 + 0.010749223891317515im,4.737642538632414e-10
2,2,2,0,0.695,0.5303933023370635 - 0.08098005326866978im,0.18035463810469976 + 0.01120047634724133im,5.748241191927087e-10
2,2,2,0,0.7,0.5326002435510178 - 0.08079287315500866im,0.18388181065890033 + 0.011669777371512069im,6.046502959653828e-10
2,2,2,0,0.705,0.5348426468387588 - 0.08060056030773244im,0.1875171703170313 + 0.012158068688263442im,5.955560441192582e-10
2,2,2,0,0.71,0.5371215967617097 - 0.08040291793306154im,0.19126573076564835 + 0.012666354963100692im,6.265672424023592e-10
2,2,2,0,0.715,0.5394382285786403 - 0.08019973892153444im,0.19513282412026559 + 0.013195708962055694im,6.896938113995934e-10
2,2,2,0,0.72,0.5417937315019923 - 0.07999080514843569im,0.19912412705853305 + 0.013747277518446909im,7.440454452653574e-10
2,2,2,0,0.725,0.5441893522239658 - 0.07977588671481081im,0.20324568948434657 + 0.014322287694197508im,7.843389252432223e-10
2,2,2,0,0.73,0.5466263987399962 - 0.07955474112292528im,0.2075039661418163 + 0.01492205370416112im,9.707552846712115e-10
2,2,2,0,0.735,0.5491062445006032 - 0.07932711237931672im,0.21190585189140218 + 0.015547985340425683im,9.74608983048385e-10
2,2,2,0,0.74,0.5516303329265412 - 0.0790927300175192im,0.216458720079729 + 0.016201595669536776im,9.907576382230161e-10
2,2,2,0,0.745,0.5542001823265433 - 0.07885130803184659im,0.22117046565656526 + 0.0168845110476616im,1.067090631414358e-9
2,2,2,0,0.75,0.5568173912621359 - 0.07860254371215106im,0.2260495529969218 + 0.017598481781341043im,1.1675599736768392e-9
2,2,2,0,0.755,0.559483644409851 - 0.078346116368388im,0.23110506900826988 + 0.018345393991791473im,1.2535777766072643e-9
2,2,2,0,0.76,0.5622007189779834 - 0.07808168593213745im,0.23634678233608356 + 0.01912728249407095im,1.2107455652080024e-9
2,2,2,0,0.765,0.564970491742923 - 0.07780889142058052im,0.241785209871372 + 0.019946346217746016im,1.4699673335427157e-9
2,2,2,0,0.77,0.567794946779289 - 0.07752734924616697im,0.24743169085691294 + 0.020804963985894882im,1.4374781125581087e-9
2,2,2,0,0.775,0.5706761839687379 - 0.07723665135304997im,0.2532984706448983 + 0.021705714239321133im,1.5627996509914733e-9
2,2,2,0,0.78,0.5736164283848677 - 0.07693636315826141im,0.2593987945449903 + 0.022651395129244658im,1.7086753426921688e-9
2,2,2,0,0.785,0.576618040666265 - 0.07662602127253276im,0.2657470140936829 + 0.023645049119743453im,1.8596236369196966e-9
2,2,2,0,0.79,0.5796835285070558 - 0.0763051309715241im,0.2723587072474413 + 0.024689989335553938im,2.0394774014188208e-9
2,2,2,0,0.795,0.582815559414684 - 0.07597316338377834im,0.2792508148554475 + 0.025789831006509226im,2.0134270432803797e-9
2,2,2,0,0.8,0.58601697490887 - 0.0756295523560612im,0.28644179606329057 + 0.02694852568164434im,2.2244929549408e-9
2,2,2,0,0.805,0.5892908063644989 - 0.07527369095033734im,0.29395180578976976 + 0.028170401522882377im,2.4081637044600818e-9
2,2,2,0,0.81,0.5926402927356598 - 0.07490492751860114im,0.30180289810619865 + 0.029460209708720854im,2.632744867928923e-9
2,2,2,0,0.815,0.5960689004393749 - 0.07452256129253707im,0.3100192600463875 + 0.03082317658983409im,2.3587690193033595e-9
2,2,2,0,0.82,0.5995803457274833 - 0.074125837413422im,0.3186274813931288 + 0.03226506504750914im,2.7962197914068825e-11
2,2,2,0,0.825,0.6031786199355754 - 0.07371394131390924im,0.32765686713350095 + 0.03379224521867689im,2.1482540727579302e-10
2,2,2,0,0.83,0.6068680180714872 - 0.0732859923464863im,0.33713980076773775 + 0.03541177721838901im,8.074920086738009e-11
2,2,2,0,0.835,0.6106531712960299 - 0.0728410365326319im,0.3471121685067867 + 0.037131506829967124im,1.6846990633090045e-10
2,2,2,0,0.84,0.6145390839595666 - 0.07237803828118285im,0.35761385672932766 + 0.03896017936608197im,7.009331693814828e-11
2,2,2,0,0.845,0.6185311759954996 - 0.07189587089286432im,0.36868933818232186 + 0.04090757306248493im,2.167068092627328e-11
2,2,2,0,0.85,0.6226353316429493 - 0.0713933056282603im,0.3803883660002299 + 0.04298465735216099im,1.0191615522436688e-10
2,2,2,0,0.855,0.6268579556857159 - 0.07086899906696932im,0.3927667998949513 + 0.045203781619770254im,1.5814665058375024e-11
2,2,2,0,0.86,0.6312060386659053 - 0.07032147842282736im,0.4058875951391747 + 0.047578901920997736im,1.0512380084562596e-10
2,2,2,0,0.865,0.635687232875872 - 0.06974912439995608im,0.4198219934511336 + 0.050125853927961705im,6.637222310164825e-11
2,2,2,0,0.87,0.6403099413749948 - 0.06915015107148645im,0.4346509663131685 + 0.05286268429578168im,6.801639242346843e-11
2,2,2,0,0.875,0.6450834228507316 - 0.06852258212933252im,0.45046697621842013 + 0.055810056423392436im,5.875123344593778e-11
2,2,2,0,0.88,0.6500179158913504 - 0.0678642226789149im,0.4673761416598336 + 0.058991749444723525im,5.19554727831431e-11
2,2,2,0,0.885,0.6551247872237727 - 0.06717262552210915im,0.4855009198216398 + 0.06243527828766995im,2.87911982924688e-11
2,2,2,0,0.89,0.660416709783652 - 0.06644505056392787im,0.5049834591845008 + 0.06617266965820501im,1.8456924973018518e-11
2,2,2,0,0.895,0.6659078782550581 - 0.06567841556277047im,0.5259898285937794 + 0.07024144367898275im,2.7049063992798655e-11
2,2,2,0,0.9,0.6716142721321621 - 0.06486923587579749im,0.5487154061534625 + 0.07468586693116389im,5.6836953814231895e-11
2,2,2,0,0.905,0.6775539796946473 - 0.06401355006353099im,0.5733918222899006 + 0.07955857115454822im,6.04083572247168e-11
2,2,2,0,0.91,0.6837476009738568 - 0.06310682711045418im,0.6002960142723412 + 0.08492266886750569im,4.616641254150499e-11
2,2,2,0,0.915,0.6902187544671816 - 0.062143849435951984im,0.6297621931930892 + 0.09085455691621834im,4.837315502854116e-11
2,2,2,0,0.92,0.696994722053381 - 0.06111856356833662im,0.6621978956252693 + 0.09744768637467267im,3.6779474904606005e-11
2,2,2,0,0.925,0.7041072809104089 - 0.06002388694052366im,0.6981058720866573 + 0.10481771758637161im,5.266360601550296e-11
2,2,2,0,0.93,0.7115937929421655 - 0.05885145408971316im,0.7381144906849165 + 0.11310969953420957im,1.555881119076062e-11
2,2,2,0,0.935,0.7194986558651777 - 0.05759127750194631im,0.7830208583030505 + 0.12250828196580232im,2.0353464012314815e-11
2,2,2,0,0.94,0.7278752737189498 - 0.05623128549942545im,0.8338534471248448 + 0.13325258872560145im,4.7167690309129565e-11
2,2,2,0,0.945,0.7367887927239892 - 0.05475667840358665im,0.8919655626566801 + 0.14565848077247898im,9.02640389312107e-11
2,2,2,0,0.95,0.7463199987169302 - 0.05314900804598271im,0.9591793277179098 + 0.16015295219184844im,4.6459164011216384e-11
2,2,2,0,0.955,0.7565710396475455 - 0.05138482127125826im,1.0380158984859154 + 0.17732928555764105im,7.943020598259522e-11
2,2,2,0,0.96,0.767674135952798 - 0.0494335874719284im,1.1320802950839612 + 0.1980395146731518im,6.060697902076458e-11
2,2,2,0,0.965,0.779805431590343 - 0.04725439066768936im,1.246740455249556 + 0.22355802742128839im,1.9310712333668494e-10
2,2,2,0,0.97,0.7932082489464519 - 0.044790355228623145im,1.3904090015231492 + 0.2558911721649342im,1.4897443816195676e-10
2,2,2,0,0.975,0.8082349391735792 - 0.04195857856338273im,1.5771813281757925 + 0.29841593751367224im,1.946518611953806e-10
2,2,2,0,0.98,0.8254294774817205 - 0.038630197156335186im,1.8329312627858776 + 0.3573584853579018im,4.703380283694552e-10
2,2,2,0,0.985,0.8457130345917369 - 0.03458547337139843im,2.211909853346122 + 0.44582553274712783im,2.5877046667642684e-9
2,2,2,0,0.99,0.8708926587357857 - 0.02939042421924666im,2.8551754941718293 + 0.5980028288930298im,1.0095180349773064e-9
2,2,2,0,0.995,0.9056636997005287 - 0.021910698657453282im,4.3257930513559915 + 0.9505748777133564im,1.3573163522648262e-9
2,2,2,1,0.0,0.34671099687916357 - 0.2739148752912355im,0.026711591297176457 - 0.00802403540861781im,2.0865171975679526e-10
2,2,2,1,0.005,0.3474322983138431 - 0.2738506007191277im,0.02708689423280408 - 0.007994735129784596im,8.353438398122759e-10
2,2,2,1,0.01,0.34815742775524705 - 0.2737854607817611im,0.02746611893730718 - 0.00796444715745354im,8.467831004219914e-10
2,2,2,1,0.015,0.3488864224337283 - 0.27371944505318996im,0.027849321741303137 - 0.007933154407861416im,5.246459346997108e-10
2,2,2,1,0.02,0.349619320137244 - 0.2736525429211136im,0.02823655928793632 - 0.00790083949506106im,4.814167074296672e-10
2,2,2,1,0.025,0.3503561592226003 - 0.27358474358265555im,0.028627890964145617 - 0.007867484221656776im,1.0282274504149832e-9
2,2,2,1,0.03,0.35109697862699213 - 0.27351603604015723im,0.029023376847234803 - 0.00783307010729533im,8.127392096622291e-10
2,2,2,1,0.035,0.35184181787979607 - 0.27344640909677553im,0.029423077802454067 - 0.007797578258348417im,5.666205491583367e-10
2,2,2,1,0.04,0.3525907171147009 - 0.27337585135197373im,0.02982705615938305 - 0.007760989391759386im,2.08457593729601e-10
2,2,2,1,0.045,0.35334371708213264 - 0.27330435119689295im,0.030235375355304555 - 0.007723283715609327im,4.399284666381815e-10
2,2,2,1,0.05,0.35410085916196354 - 0.27323189680957116im,0.030648100418735405 - 0.007684440905692903im,9.566312619782207e-10
2,2,2,1,0.055,0.3548621853766113 - 0.2731584761500507im,0.031065296861972236 - 0.007644440395649115im,4.799584487162437e-10
2,2,2,1,0.06,0.35562773840442197 - 0.27308407695532394im,0.03148703324433504 - 0.007603260595523202im,4.909167934528387e-10
2,2,2,1,0.065,0.3563975615934139 - 0.2730086867341379im,0.03191337834317135 - 0.007560879755895193im,3.9618159058244286e-10
2,2,2,1,0.07,0.35717169897538076 - 0.2729322927616524im,0.03234440228572609 - 0.007517275609446439im,9.283400604436627e-10
2,2,2,1,0.075,0.3579501952803911 - 0.27285488207394165im,0.032780176937027526 - 0.007472425295861064im,1.3503278555578257e-9
2,2,2,1,0.08,0.3587330959516083 - 0.27277644146232144im,0.033220775005398925 - 0.007426305590091042im,5.66406202299803e-10
2,2,2,1,0.085,0.3595204471605594 - 0.2726969574675227im,0.033666273224238534 - 0.007378891804590105im,1.1696139044313642e-9
2,2,2,1,0.09,0.36031229582278307 - 0.27261641637368583im,0.03411674588415253 - 0.0073301601117678255im,8.958516325529365e-10
2,2,2,1,0.095,0.3611086896138982 - 0.2725348042021696im,0.034572272961562116 - 0.007280084609770559im,7.710042997023536e-10
2,2,2,1,0.1,0.3619096769861091 - 0.27245210670518444im,0.03503293392931661 - 0.007228639499153189im,3.778081817024921e-10
2,2,2,1,0.105,0.36271530718515077 - 0.27236830935922235im,0.035498810047164125 - 0.0071757983732684515im,1.3117206251658047e-9
2,2,2,1,0.11,0.3635256302676919 - 0.27228339735828994im,0.03596998424081501 - 0.007121534164632178im,8.971036932760103e-10
2,2,2,1,0.115,0.3643406971192276 - 0.27219735560693786im,0.036446541727233724 - 0.0070658189666479385im,8.685636894993875e-10
2,2,2,1,0.12,0.3651605594724487 - 0.2721101687130691im,0.03692857051485162 - 0.007008623705962653im,7.56148958914734e-10
2,2,2,1,0.125,0.36598526992611335 - 0.2720218209805299im,0.037416159218892395 - 0.006949919169731097im,2.0590056373569134e-10
2,2,2,1,0.13,0.3668148819644554 - 0.27193229640145966im,0.0379093984128406 - 0.0068896753684563015im,4.784813117492979e-10
2,2,2,1,0.135,0.36764944997713667 - 0.2718415786484217im,0.0384083808397925 - 0.006827861497819262im,6.325204036545613e-10
2,2,2,1,0.14,0.36848902927973265 - 0.2717496510662575im,0.03891320202626996 - 0.006764445592524091im,1.4475051202311886e-9
2,2,2,1,0.145,0.36933367613482765 - 0.2716564966637054im,0.039423959593236635 - 0.006699394939784021im,8.480799920728363e-10
2,2,2,1,0.15,0.3701834477736777 - 0.27156209810473886im,0.03994075271681869 - 0.006632676179427248im,4.343184445235077e-10
2,2,2,1,0.155,0.3710384024185239 - 0.27146643769963824im,0.04046368227072144 - 0.0065642554350076815im,6.821112278362587e-10
2,2,2,1,0.16,0.37189859930550917 - 0.27136949739575805im,0.04099285359801815 - 0.006494096805996498im,4.297987930102862e-10
2,2,2,1,0.165,0.37276409870828714 - 0.2712712587680126im,0.041528372004958604 - 0.00642216467187415im,4.330279558144584e-10
2,2,2,1,0.17,0.3736349619622866 - 0.2711717030090387im,0.04207034729648536 - 0.006348421502135677im,2.564002836627503e-10
2,2,2,1,0.175,0.3745112514897093 - 0.271070810919036im,0.04261889055118939 - 0.006272829253388531im,4.112360564012595e-10
2,2,2,1,0.18,0.37539303082523184 - 0.27096856289527527im,0.04317411635509136 - 0.006195348501175793im,6.150575579564384e-10
2,2,2,1,0.185,0.37628036464250075 - 0.2708649389212633im,0.04373614063326422 - 0.006115939428658827im,4.54311202748759e-10
2,2,2,1,0.19,0.3771733187813721 - 0.2707599185555295im,0.04430508421151827 - 0.006034559964938047im,7.241288151418292e-10
2,2,2,1,0.195,0.37807196027600065 - 0.2706534809200545im,0.044881068480072756 - 0.0059511681787290365im,2.1058465747346074e-10
2,2,2,1,0.2,0.3789763573837351 - 0.2705456046882871im,0.045464219666569 - 0.005865719844073728im,6.010120994785401e-10
2,2,2,1,0.205,0.3798865796149091 - 0.2704362680727708im,0.046054665882744886 - 0.0057781702274546185im,6.776335108926638e-10
2,2,2,1,0.21,0.3808026977635477 - 0.2703254488123445im,0.04665253854395259 - 0.005688473215557863im,4.637050837639096e-10
2,2,2,1,0.215,0.38172478393895387 - 0.2702131241588823im,0.04725797303242106 - 0.005596580891571144im,8.263424227808288e-10
2,2,2,1,0.22,0.3826529115983297 - 0.2700992708636014im,0.047871107689591984 - 0.005502444277169632im,2.665219409664248e-10
2,2,2,1,0.225,0.383587155580372 - 0.2699838651628761im,0.04849208410562232 - 0.005406013082287201im,1.2152834851284664e-9
2,2,2,1,0.23,0.3845275921398982 - 0.26986688276355314im,0.04912104628802899 - 0.005307236224970434im,7.690541723734151e-10
2,2,2,1,0.235,0.3854742989835869 - 0.2697482988277575im,0.04975814494119201 - 0.005206059259946512im,4.6036375675822396e-10
2,2,2,1,0.24,0.3864273553068249 - 0.2696280879571602im,0.05040353148281715 - 0.005102428088502717im,4.367271979641717e-10
2,2,2,1,0.245,0.38738684183169564 - 0.2695062241766562im,0.051057362704390104 - 0.004996286037592936im,2.9944332797380294e-10
2,2,2,1,0.25,0.38835284084622 - 0.2693826809174964im,0.051719799510293714 - 0.004887574773968812im,8.230350399477095e-10
2,2,2,1,0.255,0.38932543624482296 - 0.2692574309997849im,0.05239100571502643 - 0.004776234929746828im,7.341640679105767e-10
2,2,2,1,0.26,0.3903047135701007 - 0.26913044661433116im,0.05307115165130942 - 0.004662203926685851im,4.391967016217645e-10
2,2,2,1,0.265,0.39129076005596225 - 0.26900169930386203im,0.05376040943910745 - 0.004545419086128729im,6.675085735835251e-10
2,2,2,1,0.27,0.39228366467215575 - 0.2688711599435216im,0.0544589582124556 - 0.0044258141344724715im,5.662400240232011e-10
2,2,2,1,0.275,0.39328351817025764 - 0.26873879872064443im,0.055166979651503106 - 0.004303322212370318im,4.939587058957587e-10
2,2,2,1,0.28,0.3942904131311917 - 0.2686045851137904im,0.055884661838595986 - 0.004177873446871082im,2.0016354611607857e-10
2,2,2,1,0.285,0.3953044440143127 - 0.2684684878709808im,0.05661219743970386 - 0.004049396070476253im,1.1386799834311286e-10
2,2,2,1,0.29,0.3963257072081384 - 0.2683304749871041im,0.05734978389074666 - 0.003917816350229581im,8.976080453291794e-10
2,2,2,1,0.295,0.39735430108278197 - 0.2681905136804734im,0.058097625210906965 - 0.0037830573725390793im,2.563005772692921e-10
2,2,2,1,0.3,0.39839032604415914 - 0.26804857036847807im,0.05885592924197543 - 0.003645041152803238im,2.596884999641744e-10
2,2,2,1,0.305,0.39943388459003987 - 0.2679046106422908im,0.05962491123167079 - 0.003503685908295094im,3.155080783741376e-10
2,2,2,1,0.31,0.40048508136803784 - 0.2677585992406081im,0.06040479112924587 - 0.003358908288934408im,3.3911343420659403e-10
2,2,2,1,0.315,0.40154402323557586 - 0.26761050002234543im,0.06119579597078586 - 0.003210621406193082im,6.955286485215449e-10
2,2,2,1,0.32,0.40261081932193393 - 0.2674602759382541im,0.06199815899891501 - 0.0030587357855361304im,1.6270657717039327e-10
2,2,2,1,0.325,0.4036855810925243 - 0.267307889001454im,0.06281211955955888 - 0.002903159376524221im,1.7711705556259577e-10
2,2,2,1,0.33,0.4047684224153275 - 0.26715330025672546im,0.06363792404276322 - 0.0027437969707452795im,5.262308625896579e-10
2,2,2,1,0.335,0.40585945962978115 - 0.2669964697486207im,0.06447582665541635 - 0.002580549591802212im,2.952326544461501e-10
2,2,2,1,0.34,0.40695881161805403 - 0.26683735648825996im,0.06532608763722392 - 0.0024133159961966496im,2.235271108380393e-10
2,2,2,1,0.345,0.4080665998789296 - 0.2666759184187773im,0.0661889758688712 - 0.0022419907487727245im,8.770892498434002e-10
2,2,2,1,0.35,0.409182948604343 - 0.26651211237936345im,0.0670647681647002 - 0.002066464651985453im,1.9665619489686092e-10
2,2,2,1,0.355,0.4103079847586895 - 0.2663458940677998im,0.06795374863582541 - 0.0018866257008936433im,2.049929495811077e-10
2,2,2,1,0.36,0.41144183816106134 - 0.26617721800145316im,0.06885621056316132 - 0.0017023573790488804im,2.731554292312945e-10
2,2,2,1,0.365,0.4125846415705255 - 0.2660060374766327im,0.06977245609341438 - 0.0015135389687859209im,5.411279444369532e-10
2,2,2,1,0.37,0.41373653077455874 - 0.26583230452623313im,0.07070279603818741 - 0.0013200460882674908im,1.2197815320042304e-9
2,2,2,1,0.375,0.41489764468078877 - 0.2656559698755657im,0.07164755048993773 - 0.0011217500761750456im,2.7173611373711937e-10
2,2,2,1,0.38,0.41606812541222715 - 0.2654769828963276im,0.07260705053100716 - 0.0009185166192931296im,3.0675065159535637e-10
2,2,2,1,0.385,0.4172481184060723 - 0.2652952915585568im,0.07358163640823448 - 0.0007102076590083501im,3.28924620915434e-10
2,2,2,1,0.39,0.4184377725163592 - 0.2651108423805345im,0.07457165921832688 - 0.0004966798561329849im,3.603328100828716e-10
2,2,2,1,0.395,0.4196372401204942 - 0.2649235803764672im,0.07557748145467123 - 0.0002777843572205723im,5.353516054117826e-10
2,2,2,1,0.4,0.4208466772299831 - 0.2647334490018899im,0.07659947645510715 - 5.3367340266038164e-5im,9.954398300048668e-10
2,2,2,1,0.405,0.4220662436054664 - 0.26454039009663716im,0.07763802953931098 + 0.0001767305515139301im,4.138334684892726e-10
2,2,2,1,0.41,0.4232961028762924 - 0.2643443438252651im,0.07869353908787882 + 0.00041267544052638554im,4.760296072944503e-10
2,2,2,1,0.415,0.42453642266485025 - 0.26414524861480493im,0.07976641587903609 + 0.0006546392115022672im,6.889487696258474e-10
2,2,2,1,0.42,0.425787374715865 - 0.26394304108968203im,0.08085708380873924 + 0.0009027998395512894im,8.242074771209688e-10
2,2,2,1,0.425,0.4270491350309212 - 0.26373765600367im,0.08196598118187155 + 0.0011573426698037073im,1.3094832709476067e-9
2,2,2,1,0.43,0.42832188400844173 - 0.2635290261687061im,0.08309356009322552 + 0.0014184592276752245im,7.377777734332325e-10
2,2,2,1,0.435,0.4296058065894283 - 0.2633170823804313im,0.0842402892787647 + 0.0016863503096800029im,6.86588429734247e-10
2,2,2,1,0.44,0.43090109240916824 - 0.2631017533402024im,0.08540665165800902 + 0.0019612226871165528im,7.048884134603686e-10
2,2,2,1,0.445,0.4322079359553296 - 0.2628829655735018im,0.08659314726124494 + 0.002243292080014785im,6.972574867544597e-10
2,2,2,1,0.45,0.43352653673261776 - 0.2626606433444089im,0.08780029306197289 + 0.002532782609674572im,1.1029608968360744e-9
2,2,2,1,0.455,0.4348570994344607 - 0.26243470856604006im,0.08902862379414984 + 0.002829927211961777im,1.227665007371386e-9
2,2,2,1,0.46,0.4361998341219635 - 0.2622050807066339im,0.09027869291687876 + 0.0031349683226695583im,8.971303236024631e-10
2,2,2,1,0.465,0.4375549564105983 - 0.2619716766910995im,0.09155107343475444 + 0.0034481585261879133im,9.405589633092587e-10
2,2,2,1,0.47,0.43892268766497317 - 0.2617344107977401im,0.09284635841061735 + 0.0037697603771762126im,9.919475495466925e-10
2,2,2,1,0.475,0.4403032552021304 - 0.26149319454988423im,0.09416516215852981 + 0.004100047542016554im,3.9439905623017694e-10
2,2,2,1,0.48,0.4416968925038096 - 0.2612479366021357im,0.09550812082134573 + 0.004439304599391493im,1.08437307750808e-9
2,2,2,1,0.485,0.44310383943813375 - 0.2609985426208968im,0.09687589434417233 + 0.004787829084590064im,5.445053321705445e-10
2,2,2,1,0.49,0.4445243424913035 - 0.26074491515889875im,0.09826916590875814 + 0.005145930018819794im,6.518472291306045e-10
2,2,2,1,0.495,0.4459586550097161 - 0.26048695352330103im,0.099688644363216 + 0.005513930053927362im,2.3904789657399985e-10
2,2,2,1,0.5,0.4474070374532024 - 0.2602245536370355im,0.10113506541476218 + 0.005892166511942988im,1.6763361261114263e-10
2,2,2,1,0.505,0.4488697576599031 - 0.2599576078929739im,0.10260919173527094 + 0.006280990440199849im,5.505361492507592e-10
2,2,2,1,0.51,0.4503470911234866 - 0.25968600500045413im,0.10411181506447109 + 0.006680768512914644im,2.8832305576773683e-10
2,2,2,1,0.515,0.4518393212833921 - 0.2594096298237717im,0.10564375790486771 + 0.007091884064912088im,5.473383622077451e-10
2,2,2,1,0.52,0.45334673982881785 - 0.25912836321204374im,0.10720587389401942 + 0.007514737153731286im,2.16883524826017e-10
2,2,2,1,0.525,0.45486964701724475 - 0.2588420818199884im,0.10879905054921862 + 0.007949746252795754im,1.42358949395972e-10
2,2,2,1,0.53,0.45640835200839025 - 0.25855065791901755im,0.11042421016668148 + 0.008397348932373193im,8.863884579491646e-10
2,2,2,1,0.535,0.457963173214411 - 0.2582539591980291im,0.11208231125709092 + 0.008858002135704186im,3.9664925033502406e-10
2,2,2,1,0.54,0.45953443866739263 - 0.25795184855325737im,0.11377435137097366 + 0.009332184945222786im,2.272227149607232e-10
2,2,2,1,0.545,0.4611224864050846 - 0.2576441838664414im,0.11550136842780266 + 0.009820398787269827im,1.500959657774171e-10
2,2,2,1,0.55,0.462727664876073 - 0.2573308177706142im,0.11726444247732347 + 0.010323168253144936im,5.620239420763017e-10
2,2,2,1,0.555,0.46435033336549875 - 0.2570115974026425im,0.11906469865985686 + 0.010841043806092574im,9.840182728115403e-11
2,2,2,1,0.56,0.46599086244261 - 0.2566863641416555im,0.12090330841039801 + 0.011374601283428126im,7.508540627868459e-10
2,2,2,1,0.565,0.4676496344315539 - 0.2563549533324629im,0.12278149362854668 + 0.011924446165298393im,2.038396438853926e-10
2,2,2,1,0.57,0.4693270439068242 - 0.25601719399287987im,0.12470052702706035 + 0.012491212065715384im,1.2634083890357052e-10
2,2,2,1,0.575,0.4710234982149339 - 0.25567290850391894im,0.1266617370859807 + 0.01307556517250899im,2.9866526719940993e-10
2,2,2,1,0.58,0.47273941802406666 - 0.2553219122816444im,0.1286665097353578 + 0.01367820491544868im,8.32232735524627e-11
2,2,2,1,0.585,0.4744752379034924 - 0.25496401342944175im,0.13071629167843313 + 0.014299865636192177im,5.985316204216477e-10
2,2,2,1,0.59,0.47623140693469945 - 0.2545990123692953im,0.1328125946128766 + 0.014941320392592137im,5.901094383056658e-10
2,2,2,1,0.595,0.4780083893564029 - 0.2542267014505967im,0.1349569969922262 + 0.015603380499558494im,1.0717383549620107e-10
2,2,2,1,0.6,0.4798066652457186 - 0.2538468645349166im,0.13715115030300787 + 0.016286901461393246im,3.308815788055747e-10
2,2,2,1,0.605,0.4816267312379947 - 0.2534592765549485im,0.13939678094459063 + 0.016992782686575895im,7.613531754974e-11
2,2,2,1,0.61,0.48346910128793713 - 0.25306370304576115im,0.1416956961701286 + 0.017721972246593602im,6.839057671234492e-11
2,2,2,1,0.615,0.4853343074749991 - 0.25265989964630725im,0.1440497879744461 + 0.018475469005110438im,2.754353193186087e-10
2,2,2,1,0.62,0.48722290085618275 - 0.25224761156899045im,0.14646103847663336 + 0.01925432666285539im,2.2147380545600772e-10
2,2,2,1,0.625,0.4891354523696585 - 0.25182657303484357im,0.14893152502008786 + 0.020059656378327566im,3.1818599832303253e-10
2,2,2,1,0.63,0.4910725537929472 - 0.25139650667171326im,0.1514634262798029 + 0.02089263137385639im,3.812459732585942e-10
2,2,2,1,0.635,0.4930348187597179 - 0.250957122872582im,0.15405902878610817 + 0.02175449164523884im,1.1719360477319586e-10
2,2,2,1,0.64,0.49502288383963566 - 0.25050811911092064im,0.15672073269050815 + 0.02264654667611183im,2.6814186525625844e-10
2,2,2,1,0.645,0.4970374096860626 - 0.25004917920965686im,0.15945106007791598 + 0.023570182352393634im,1.455589523134254e-10
2,2,2,1,0.65,0.4990790822569073 - 0.24957997256005846im,0.16225266181255021 + 0.024526864398219574im,8.294195973790771e-10
2,2,2,1,0.655,0.5011486141143802 - 0.24910015328645838im,0.16512832707127448 + 0.025518146174406665im,2.201476354949053e-10
2,2,2,1,0.66,0.5032467458099344 - 0.24860935935235143im,0.16808099116896066 + 0.026545672432158253im,2.728260698977402e-10
2,2,2,1,0.665,0.5053742473613717 - 0.24810721160302532im,0.17111374626463519 + 0.027611187597527537im,4.5504584683676163e-10
2,2,2,1,0.67,0.5075319198296839 - 0.24759331273932828im,0.1742298515383995 + 0.028716542517292446im,5.934665770126067e-10
2,2,2,1,0.675,0.5097205970040164 - 0.24706724621671475im,0.17743274560043054 + 0.02986370351495913im,1.5974257961558647e-10
2,2,2,1,0.68,0.5119411472039398 - 0.24652857506304723im,0.1807260576148339 + 0.031054758487965437im,2.2473749110029288e-10
2,2,2,1,0.685,0.5141944752092144 - 0.24597684060804073im,0.18411362200453546 + 0.03229192852970775im,1.6333779440574474e-10
2,2,2,1,0.69,0.5164815243283052 - 0.24541156111646267im,0.18759949305519424 + 0.033577577352363455im,2.149131211716377e-10
2,2,2,1,0.695,0.5188032786180006 - 0.2448322303163115im,0.19118796077067576 + 0.034914222297427716im,2.4142767965737183e-10
2,2,2,1,0.7,0.5211607652680377 - 0.2442383158123877im,0.19488356892974767 + 0.03630454692062237im,3.798601802627683e-10
2,2,2,1,0.705,0.523555057165938 - 0.24362925737449032im,0.1986911337798661 + 0.0377514132519432im,5.563256943217992e-10
2,2,2,1,0.71,0.5259872756591204 - 0.2430044650883246im,0.20261576602700312 + 0.039257878559846374im,6.41109152218619e-10
2,2,2,1,0.715,0.5284585935332965 - 0.24236331735591554im,0.20666289314464759 + 0.04082720925525124im,5.451896539747448e-10
2,2,2,1,0.72,0.5309702382283126 - 0.24170515873068485im,0.2108382851945451 + 0.04246289977996988im,4.553063036539405e-10
2,2,2,1,0.725,0.5335234953151854 - 0.24102929757074246im,0.21514808252036902 + 0.04416869088658792im,3.8408827864995925e-10
2,2,2,1,0.73,0.5361197122608651 - 0.2403350034918188im,0.2195988270763327 + 0.04594859297398083im,4.536630302322824e-10
2,2,2,1,0.735,0.5387603025106898 - 0.239621504599205im,0.22419749590801155 + 0.047806907720303535im,4.094210885514991e-10
2,2,2,1,0.74,0.5414467499220765 - 0.23888798447529605im,0.22895153937112708 + 0.049748256202914856im,4.390425538434297e-10
2,2,2,1,0.745,0.5441806135874491 - 0.2381335788965171im,0.23386892222072353 + 0.0517776063499007im,4.465787007667737e-10
2,2,2,1,0.75,0.5469635330892956 - 0.23735737224993453im,0.23895817040729672 + 0.053900305783221296im,5.00084843402773e-10
2,2,2,1,0.755,0.5497972342360505 - 0.23655839361603354im,0.2442284226567207 + 0.056122118455169366im,4.95062953695439e-10
2,2,2,1,0.76,0.55268353533403 - 0.23573561247946614im,0.24968948789160875 + 0.058449263692205516im,4.951203441213879e-10
2,2,2,1,0.765,0.5556243540584824 - 0.2348879340245019im,0.2553519097605316 + 0.06088846171282971im,6.691577600648959e-10
2,2,2,1,0.77,0.5586217149956403 - 0.23401419396563078im,0.2612270383802769 + 0.06344698297280595im,6.420429022027441e-10
2,2,2,1,0.775,0.5616777579382836 - 0.23311315285682283im,0.2673271121170687 + 0.06613270636729719im,6.613190719853087e-10
2,2,2,1,0.78,0.5647947470293874 - 0.2321834898144171im,0.27366534798211045 + 0.06895417974102444im,1.4245825765442549e-9
2,2,2,1,0.785,0.5679750808630082 - 0.23122379557899955im,0.2802560457591023 + 0.07192069547839451im,1.2603021071402292e-9
2,2,2,1,0.79,0.5712213036683678 - 0.2302325648298891im,0.2871147037502767 + 0.07504236735802995im,1.4326446710950447e-9
2,2,2,1,0.795,0.5745361177233459 - 0.22920818765241277im,0.29425815202722133 + 0.07833022543920726im,1.9219699615152124e-9
2,2,2,1,0.8,0.5779223971672056 - 0.2281489400416396im,0.30170470362933755 + 0.08179632036667706im,1.600054756580008e-9
2,2,2,1,0.805,0.5813832034110241 - 0.22705297330716634im,0.3094743268012011 + 0.08545384176216729im,1.4885781780713699e-9
2,2,2,1,0.81,0.5849218023781193 - 0.22591830222013662im,0.3175888436434931 + 0.08931725728944441im,1.082164270757281e-9
2,2,2,1,0.815,0.5885416838477721 - 0.224742791715958im,0.32607215753198354 + 0.09340246802603253im,1.6017639063932354e-9
2,2,2,1,0.82,0.59224658322475 - 0.22352414193235795im,0.33495051676939175 + 0.09772699349873933im,1.4167888935307595e-9
2,2,2,1,0.825,0.5960405061171918 - 0.22225987132164396im,0.3442528193531277 + 0.10231017951884461im,1.4295179592740688e-9
2,2,2,1,0.83,0.5999277561781827 - 0.2209472975260143im,0.3540109685171843 + 0.10717344520172044im,1.627027917476697e-9
2,2,2,1,0.835,0.6039129667559028 - 0.219583515643593im,0.3642602876618244 + 0.11234056933965961im,3.500205679971565e-10
2,2,2,1,0.84,0.6080011370073719 - 0.218165373437316im,0.3750400079321613 + 0.11783802707157684im,1.9743561316990117e-9
2,2,2,1,0.845,0.6121976732673556 - 0.2166894429450343im,0.38639384314654474 + 0.1236953854684799im,2.0882669390077885e-9
2,2,2,1,0.85,0.6165084366343537 - 0.21515198783222034im,0.3983706716370678 + 0.12994577510015456im,8.9458270729102e-11
2,2,2,1,0.855,0.6209397979492715 - 0.21354892568142392im,0.41102534850595235 + 0.13662645011412045im,1.641790626840328e-10
2,2,2,1,0.86,0.6254987016126391 - 0.21187578422648676im,0.42441967955933824 + 0.14377945976691273im,3.218362219551162e-10
2,2,2,1,0.865,0.6301927400303798 - 0.21012765030189876im,0.438623595051504 + 0.151452459635514im,8.02576369829011e-11
2,2,2,1,0.87,0.6350302409196438 - 0.2082991099723088im,0.45371657459025583 + 0.15969969381059546im,3.8844572190821654e-10
2,2,2,1,0.875,0.6400203702781976 - 0.20638417791130428im,0.4697893873777071 + 0.16858319924307297im,1.6778646342516089e-10
2,2,2,1,0.88,0.6451732545675403 - 0.20437621358033478im,0.48694623466512527 + 0.1781742848692518im,9.304907578397982e-11
2,2,2,1,0.885,0.6505001266451732 - 0.20226782107402339im,0.5053074070671643 + 0.18855537233515385im,1.1344545372292667e-10
2,2,2,1,0.89,0.656013501294905 - 0.20005072858381803im,0.5250126098946464 + 0.19982229853112093im,1.4753821018164447e-10
2,2,2,1,0.895,0.6617273879746451 - 0.19771564219657908im,0.5462251623519169 + 0.2120872282369614im,1.6438903386381496e-10
2,2,2,1,0.9,0.667657550818381 - 0.19525206705561496im,0.5691373545141373 + 0.22548237458469744im,2.0332473349292376e-10
2,2,2,1,0.905,0.6738218292726609 - 0.19264808656969096im,0.5939773567175467 + 0.24016480518875782im,1.3041674129530487e-10
2,2,2,1,0.91,0.6802405374418974 - 0.18989008706136082im,0.6210182397894786 + 0.25632272664043976im,8.558948138076805e-11
2,2,2,1,0.915,0.6869369669123114 - 0.1869624105361243im,0.6505899084426001 + 0.2741838154860042im,1.770033240832966e-10
2,2,2,1,0.92,0.6939380275455463 - 0.1838469114001169im,0.683095123657776 + 0.2940264249496923im,8.355620798903703e-11
2,2,2,1,0.925,0.7012750751251055 - 0.18052238278176183im,0.719031370617372 + 0.3161949165704244im,1.9512684715767823e-10
2,2,2,1,0.93,0.7089849965157351 - 0.17696380268207249im,0.7590212598560436 + 0.34112102442930065im,1.0839718493061846e-10
2,2,2,1,0.935,0.7171116567594517 - 0.17314132618916722im,0.8038556780747348 + 0.3693542593632597im,1.5519655057296056e-10
2,2,2,1,0.94,0.7257078663418559 - 0.1690189116534716im,0.8545565006484998 + 0.4016062226415295im,9.272983238283528e-11
2,2,2,1,0.945,0.7348381153509225 - 0.1645524054881107im,0.9124702430136727 + 0.4388169830809376im,9.759601001496612e-11
2,2,2,1,0.95,0.7445824721058171 - 0.15968680213419384im,0.9794123943399572 + 0.4822577118799166im,9.780823312025989e-11
2,2,2,1,0.955,0.7550423120149226 - 0.15435220290982657im,1.0578982667710009 + 0.5336954146608524im,9.828787789083933e-11
2,2,2,1,0.96,0.7663490433187178 - 0.14845763616977767im,1.1515289417981212 + 0.5956693666185878im,1.427478532099651e-10
2,2,2,1,0.965,0.7786779889630735 - 0.1418811829456675im,1.2656722538512077 + 0.671980783835446im,1.1191592989096129e-10
2,2,2,1,0.97,0.7922716984965111 - 0.1344533171589302im,1.4087478166402618 + 0.7686206026520709im,3.8625763805777703e-10
2,2,2,1,0.975,0.8074818980147982 - 0.12592677674134134im,1.594870293303994 + 0.8956857765070803im,1.3435391537640902e-9
2,2,2,1,0.98,0.8248522466221443 - 0.11591681871343111im,1.8499516795217608 + 1.0718209738020967im,5.8655701924682894e-9
2,2,2,1,0.985,0.8453041128381008 - 0.10376640520549116im,2.2282985954361645 + 1.3363426147152342im,2.3136984747301752e-9
2,2,2,1,0.99,0.8706451641486936 - 0.08817538328666977im,2.8709565911100987 + 1.791969192230769im,9.828264372421772e-9
2,2,2,1,0.995,0.9055682875115039 - 0.0657382851427617im,4.340021581283726 + 2.8497742499209546im,5.638487288001191e-10
2,2,2,2,0.0,0.30105345461250616 - 0.4782769832230698im,0.027772753645032896 - 0.011743171950329175im,2.250808993570693e-11
2,2,2,2,0.005,0.3019159142641692 - 0.4780518884558962im,0.028202260667459646 - 0.011647308133714751im,5.363350402841056e-10
2,2,2,2,0.01,0.30278261440592574 - 0.477825268400692im,0.028636174630411005 - 0.011549740093192004im,7.445709972050319e-10
2,2,2,2,0.015,0.30365359210067167 - 0.47759710496134344im,0.02907455160403907 - 0.011450439775203498im,6.691697680212951e-10
2,2,2,2,0.02,0.3045288849593754 - 0.47736737975395904im,0.029517452226651572 - 0.011349377626510988im,1.285099195045423e-9
2,2,2,2,0.025,0.3054085311692647 - 0.477136074060309im,0.02996493412230463 - 0.011246524506767391im,1.4393045162960948e-10
2,2,2,2,0.03,0.3062925694919936 - 0.4769031688534483im,0.03041705975556067 - 0.011141849751505646im,3.8604828802555287e-10
2,2,2,2,0.035,0.30718103927907336 - 0.4766686447833564im,0.03087389118397159 - 0.011035322309034194im,4.631463439884223e-11
2,2,2,2,0.04,0.30807398048419427 - 0.47643248217034434im,0.03133549162656905 - 0.010926910413873251im,3.476025045861671e-10
2,2,2,2,0.045,0.30897143367589736 - 0.4761946609982668im,0.03180192558715101 - 0.01081658153705459im,2.637177155568859e-10
2,2,2,2,0.05,0.30987344005052286 - 0.475955160907567im,0.03227326004923002 - 0.010704302152522598im,1.0277253687794722e-9
2,2,2,2,0.055,0.3107800414455747 - 0.4757139611881112im,0.0327495608793546 - 0.010590038489214817im,6.819157205534165e-10
2,2,2,2,0.06,0.3116912803533759 - 0.47547104077182994im,0.03323089839406642 - 0.01047375525612363im,7.199055797615041e-10
2,2,2,2,0.065,0.31260719993511693 - 0.4752263782251643im,0.033717342782001065 - 0.010355416653395079im,7.382532437777604e-10
2,2,2,2,0.07,0.31352784403527767 - 0.47497995174128466im,0.034208964327303526 - 0.010234986440826356im,8.189858807802142e-10
2,2,2,2,0.075,0.3144532571964318 - 0.4747317391320997im,0.034705837640770405 - 0.010112426739193835im,1.020867958531892e-9
2,2,2,2,0.08,0.31538348467446137 - 0.4744817178200285im,0.03520803771821365 - 0.009987699039768757im,8.792508007080851e-10
2,2,2,2,0.085,0.31631857245418254 - 0.4742298648295505im,0.03571563966207421 - 0.00986076435499199im,9.33186866162329e-10
2,2,2,2,0.09,0.3172585672654002 - 0.47397615677849797im,0.036228721918002374 - 0.009731582265407848im,5.877615936187127e-10
2,2,2,2,0.095,0.31820351659940244 - 0.4737205698691077im,0.03674736415481578 - 0.009600111493872883im,1.2798310946640557e-10
2,2,2,2,0.1,0.319153468725927 - 0.4734630798788006im,0.03727164791685339 - 0.009466309734875973im,6.979309822614565e-10
2,2,2,2,0.105,0.3201084727105799 - 0.4732036621507045im,0.03780165660091768 - 0.00933013355963793im,3.3174240031530354e-10
2,2,2,2,0.11,0.3210685784327694 - 0.47294229158388335im,0.038337475084192184 - 0.009191538623706681im,6.901480931010512e-10
2,2,2,2,0.115,0.3220338366041335 - 0.4726789426232806im,0.03887918921668411 - 0.009050479809495145im,8.357396477648519e-10
2,2,2,2,0.12,0.3230042987874904 - 0.47241358924936844im,0.03942688947404808 - 0.0089069099018442im,6.268749582988803e-10
2,2,2,2,0.125,0.32398001741633614 - 0.4721462049674748im,0.039980664808530804 - 0.008760781825980935im,7.319151760493262e-10
2,2,2,2,0.13,0.3249610458149123 - 0.47187676279679325im,0.040540609541686444 - 0.008612046062223669im,1.0215985166052474e-10
2,2,2,2,0.135,0.3259474382188395 - 0.47160523525905756im,0.0411068177719748 - 0.008460652716729192im,6.50403866545188e-10
2,2,2,2,0.14,0.326939249796366 - 0.4713315943668649im,0.04167938644349543 - 0.008306550404560806im,6.462364210955782e-10
2,2,2,2,0.145,0.3279365366702354 - 0.47105581161163784im,0.04225841455817762 - 0.008149686501995164im,7.053620529559432e-10
2,2,2,2,0.15,0.32893935594020307 - 0.4707778579512208im,0.042844004376351656 - 0.007990006685976507im,9.859798651048169e-10
2,2,2,2,0.155,0.32994776570621337 - 0.4704977037970739im,0.0434362596899051 - 0.007827455511201151im,4.0926823970366285e-10
2,2,2,2,0.16,0.3309618250922904 - 0.47021531900106933im,0.044035286777113325 - 0.007661976162260898im,9.650402668046782e-10
2,2,2,2,0.165,0.33198159427111235 - 0.4699306728418779im,0.044641193708866884 - 0.007493510533192693im,9.007987084146932e-10
2,2,2,2,0.17,0.33300713448937935 - 0.4696437340108957im,0.04525409180295135 - 0.00732199893716953im,7.725626894904809e-10
2,2,2,2,0.175,0.33403850809390545 - 0.46935447059774615im,0.04587409609246571 - 0.007147379495233707im,5.830296523690312e-10
2,2,2,2,0.18,0.33507577855853815 - 0.4690628500752904im,0.046501322906306534 - 0.006969589437914983im,1.7999451448025367e-10
2,2,2,2,0.185,0.33611901051191406 - 0.4687688392841553im,0.04713589154081775 - 0.0067885641453178im,9.494660031213458e-10
2,2,2,2,0.19,0.3371682697660345 - 0.46847240441676047im,0.04777792364121002 - 0.006604237689040436im,7.799473803614421e-10
2,2,2,2,0.195,0.3382236233458103 - 0.4681735110007936im,0.04842754642327184 - 0.006416541217393374im,8.775690128699103e-10
2,2,2,2,0.2,0.33928513951943995 - 0.4678721238821682im,0.04908488665127726 - 0.006225405479987995im,4.879851526126258e-10
2,2,2,2,0.205,0.34035288782982653 - 0.46756820720737163im,0.049750076482734655 - 0.006030758513390893im,3.9299469943419306e-10
2,2,2,2,0.21,0.34142693912696603 - 0.4672617244052416im,0.05042325151213527 - 0.0058325263178428104im,9.849526777961755e-10
2,2,2,2,0.215,0.3425073656013588 - 0.46695263816811056im,0.051104548553856155 - 0.00563063377390187im,5.867916081322377e-10
2,2,2,2,0.22,0.34359424081852885 - 0.4666409104323015im,0.05179411077761763 - 0.005425002600797081im,3.842455232489361e-10
2,2,2,2,0.225,0.34468763975462796 - 0.4663265023579536im,0.05249208337087206 - 0.005215552856591562im,9.78358198429289e-10
2,2,2,2,0.23,0.34578763883324 - 0.46600937430813716im,0.05319861451561056 - 0.005002202839968503im,9.719930923895612e-10
2,2,2,2,0.235,0.34689431596334985 - 0.465689485827244im,0.05391385727409979 - 0.004784868204139742im,1.4099496993661604e-9
2,2,2,2,0.24,0.3480077505786291 - 0.4653667956185972im,0.0546379690837161 - 0.004563461760421855im,1.4039773271166492e-9
2,2,2,2,0.245,0.3491280236779597 - 0.4650412615212809im,0.05537111042172041 - 0.004337894690527461im,1.3017314050853476e-9
2,2,2,2,0.25,0.35025521786736885 - 0.4647128404861173im,0.05611344720041922 - 0.004108074767292489im,1.5229374267777107e-9
2,2,2,2,0.255,0.3513894174033446 - 0.4643814885507901im,0.05686514788783317 - 0.0038739082694520185im,1.479521182596474e-9
2,2,2,2,0.26,0.35253070823764704 - 0.4640471608140442im,0.05762638701941876 - 0.003635298000377126im,1.6234791526715128e-9
2,2,2,2,0.265,0.35367917806362204 - 0.4637098114089471im,0.058397342789130516 - 0.0033921442810146596im,9.461759567157085e-10
2,2,2,2,0.27,0.3548349163641288 - 0.4633693934751506im,0.059178199744470236 - 0.0031443438656985076im,1.6535837406782049e-9
2,2,2,2,0.275,0.35599801446112284 - 0.46302585913011746im,0.059969145602780986 - 0.0028917913846339812im,1.6232268024556846e-9
2,2,2,2,0.28,0.35716856556694093 - 0.4626791594392633im,0.060770373609651686 - 0.002634378348018624im,1.4098544324856456e-9
2,2,2,2,0.285,0.3583466648374308 - 0.4623292443849559im,0.06158208392065552 - 0.002371991933177517im,1.3791212234465694e-9
2,2,2,2,0.29,0.3595324094268983 - 0.4619760628343447im,0.062404480625688645 - 0.0021045169072205225im,1.0118965306342457e-9
2,2,2,2,0.295,0.36072589854505754 - 0.4616195625059234im,0.06323777384530524 - 0.0018318345939701604im,8.738417067269153e-10
2,2,2,2,0.3,0.36192723351598244 - 0.4612596899348071im,0.06408218004439883 - 0.0015538220881176892im,1.6549642475196768e-9
2,2,2,2,0.305,0.3631365178391974 - 0.4608963904366346im,0.06493792052502967 - 0.0012703538978176346im,8.769089458494045e-10
2,2,2,2,0.31,0.36435385725296077 - 0.46052960807005244im,0.06580522551928353 - 0.000981298880804858im,1.5003285071114662e-9
2,2,2,2,0.315,0.3655793597998794 - 0.46015928559768726im,0.06668432903426426 - 0.0006865236514533255im,1.1056513151096866e-9
2,2,2,2,0.32,0.3668131358949319 - 0.45978536444555207im,0.0675754736360727 - 0.00038588947785308554im,8.39028988001008e-10
2,2,2,2,0.325,0.36805529839597306 - 0.459407784660804im,0.06847890858068251 - 7.925350315298258e-5im,1.1527262562119174e-9
2,2,2,2,0.33,0.36930596267691096 - 0.45902648486776637im,0.06939489069255043 + 0.00023353175425279034im,7.704093450691006e-10
2,2,2,2,0.335,0.3705652467035506 - 0.45864140222214755im,0.07032368376854516 + 0.000552618036583997im,8.036609657264728e-10
2,2,2,2,0.34,0.3718332711123943 - 0.4582524723633238im,0.07126555977954178 + 0.0008781622207142436im,8.162874476823262e-10
2,2,2,2,0.345,0.3731101592923536 - 0.4578596293646478im,0.07222079953541485 + 0.0012103267831607156im,1.1268640081953294e-9
2,2,2,2,0.35,0.3743960374696105 - 0.4574628056816218im,0.07318969082499607 + 0.0015492783709641085im,1.2205672063345913e-9
2,2,2,2,0.355,0.37569103479574933 - 0.45706193209787804im,0.07417253299167245 + 0.0018951912369396873im,1.581392427924192e-9
2,2,2,2,0.36,0.37699528343929933 - 0.45665693766880355im,0.07516963098112903 + 0.0022482424882745065im,7.482287887712755e-10
2,2,2,2,0.365,0.37830891868083677 - 0.4562477496627325im,0.07618130245239323 + 0.0026086179944141263im,7.895557698628675e-10
2,2,2,2,0.37,0.37963207901182966 - 0.4558342934995373im,0.07720787326955214 + 0.002976508450365624im,7.504782101424897e-10
2,2,2,2,0.375,0.38096490623740065 - 0.4554164926865066im,0.07824968052247966 + 0.0033521117826521654im,1.2834035263782097e-9
2,2,2,2,0.38,0.38230754558314156 - 0.454994268751358im,0.079307070594352 + 0.00373563151490672im,1.0244986296201264e-9
2,2,2,2,0.385,0.38366014580624647 - 0.4545675411722253im,0.08038040333052666 + 0.004127280451742552im,7.603200938475476e-10
2,2,2,2,0.39,0.3850228593111308 - 0.4541362273044472im,0.08147004822200914 + 0.004527277031780643im,9.300225391856824e-10
2,2,2,2,0.395,0.386395842269693 - 0.4537002423040203im,0.08257638743401687 + 0.004935848017709025im,8.63143042700122e-10
2,2,2,2,0.4,0.3877792547465723 - 0.45325949904746776im,0.08369981590821556 + 0.005353228608352449im,7.798711425421052e-10
2,2,2,2,0.405,0.3891732608294954 - 0.4528139080479943im,0.08484074166683069 + 0.005779662392302425im,7.849617347768373e-10
2,2,2,2,0.41,0.39057802876507086 - 0.4523633773676529im,0.08599958659402653 + 0.0062154019826101145im,1.5176330098392635e-9
2,2,2,2,0.415,0.3919937311002474 - 0.451907812525347im,0.08717678561294462 + 0.006660708480804038im,8.64862851302795e-10
2,2,2,2,0.42,0.3934205448296854 - 0.45144711640040164im,0.08837279000241546 + 0.007115854055704463im,8.377718093126578e-10
2,2,2,2,0.425,0.39485865154942695 - 0.45098118913144636im,0.08958806603280581 + 0.0075811206440210095im,8.427430407800117e-10
2,2,2,2,0.43,0.3963082376170441 - 0.45050992801037176im,0.09082309562814912 + 0.008056800602387896im,8.555793170354674e-10
2,2,2,2,0.435,0.397769494318721 - 0.45003322737100904im,0.09207837766143764 + 0.008543197423911514im,1.2626103716198573e-9
2,2,2,2,0.44,0.3992426180435249 - 0.449550978472282im,0.0933544295373245 + 0.00904062774857898im,9.555814317048599e-10
2,2,2,2,0.445,0.40072781046525857 - 0.44906306937546353im,0.09465178529331311 + 0.009549418579313337im,1.107676478328207e-9
2,2,2,2,0.45,0.4022252787322993 - 0.44856938481519465im,0.09597099931789674 + 0.010069911346905264im,1.3888566151150635e-9
2,2,2,2,0.455,0.40373523566578967 - 0.4480698060638845im,0.09731264528848894 + 0.01060246044842782im,9.658760476853385e-10
2,2,2,2,0.46,0.40525789996664374 - 0.4475642107890955im,0.09867731872555682 + 0.011147435406086684im,1.1231696217182406e-9
2,2,2,2,0.465,0.4067934964318181 - 0.44705247290345673im,0.10006563604301098 + 0.011705220207991692im,1.2778417263584747e-9
2,2,2,2,0.47,0.40834225618030084 - 0.446534462406682im,0.10147823675293195 + 0.012276214786002984im,1.2113206689457802e-9
2,2,2,2,0.475,0.4099044168893851 - 0.4460100452191492im,0.10291578441548943 + 0.012860836213276898im,1.3190419125144854e-9
2,2,2,2,0.48,0.4114802230416768 - 0.4454790830065466im,0.10437896731516008 + 0.013459518678367135im,1.2780321464245286e-9
2,2,2,2,0.485,0.41306992618351573 - 0.4449414329950028im,0.10586850022096132 + 0.014072715346632904im,1.6570661446161518e-9
2,2,2,2,0.49,0.41467378519530956 - 0.44439694777607847im,0.10738512476466885 + 0.014700898648770147im,1.950674611733745e-9
2,2,2,2,0.495,0.4162920665745128 - 0.44384547510099076im,0.10892961155415447 + 0.0153445615428575im,1.6756839645254479e-9
2,2,2,2,0.5,0.41792504473185355 - 0.4432868576633342im,0.11050276104048395 + 0.016004219032979307im,1.1970303508031651e-9
2,2,2,2,0.505,0.41957300230154837 - 0.44272093286957404im,0.11210540567681034 + 0.01668040951569065im,1.2230283294123356e-9
2,2,2,2,0.51,0.42123623046633374 - 0.4421475325964765im,0.11373841030811266 + 0.017373694908294005im,1.2563981132379391e-9
2,2,2,2,0.515,0.42291502929798924 - 0.44156648293462003im,0.11540267450186517 + 0.01808466297279554im,1.387689270189672e-9
2,2,2,2,0.52,0.42460970811434323 - 0.44097760391704227im,0.11709913425565752 + 0.018813929171137833im,1.4444953715906602e-9
2,2,2,2,0.525,0.42632058585358845 - 0.4403807092320159im,0.11882876347578342 + 0.01956213677299776im,1.4461170275048442e-9
2,2,2,2,0.53,0.42804799146689315 - 0.43977560591886267im,0.12059257604799659 + 0.020329959981648965im,1.6076210331376327e-9
2,2,2,2,0.535,0.42979226433036694 - 0.43916209404565765im,0.1223916282490984 + 0.02111810558716314im,1.6620626632431856e-9
2,2,2,2,0.54,0.4315537546773913 - 0.43853996636753045im,0.12422702008331221 + 0.021927313761706018im,2.01430264896442e-9
2,2,2,2,0.545,0.43333282405259693 - 0.43790900796424076im,0.12609989816503298 + 0.0227583618618321im,1.6176422098549081e-9
2,2,2,2,0.55,0.4351298457885616 - 0.4372689958555507im,0.12801145740779768 + 0.023612064317087258im,1.6330499022022729e-9
2,2,2,2,0.555,0.4369452055066666 - 0.43661969859280997im,0.12996294440564546 + 0.024489277222280465im,1.858736742983871e-9
2,2,2,2,0.56,0.4387793016434436 - 0.4359608758250685im,0.13195565979621723 + 0.025390900374353598im,1.897173680264768e-9
2,2,2,2,0.565,0.4406325460039455 - 0.43529227783786445im,0.1339909606247119 + 0.02631787856779991im,7.128268562203463e-10
2,2,2,2,0.57,0.4425053643435741 - 0.43461364506271927im,0.13607026351542556 + 0.027271205940687555im,2.248436258828197e-9
2,2,2,2,0.575,0.4443981969802486 - 0.43392470755517004im,0.1381950491553362 + 0.02825193015577426im,1.991222989101263e-9
2,2,2,2,0.58,0.44631149943855364 - 0.43322518443905983im,0.14036686338129656 + 0.029261152203175992im,5.406447268356788e-10
2,2,2,2,0.585,0.44824574312780335 - 0.43251478331453175im,0.14258732235784652 + 0.030300033602932572im,5.624226856928789e-10
2,2,2,2,0.59,0.4502014160561382 - 0.4317931996270613im,0.14485811627317274 + 0.0313697986253809im,5.958731396862018e-10
2,2,2,2,0.595,0.45217902358263723 - 0.4310601159945623im,0.1471810126305395 + 0.032471738961231615im,8.901835177672429e-10
2,2,2,2,0.6,0.4541790892099864 - 0.43031520148939356im,0.14955786143788688 + 0.03360721772621778im,8.101590684031018e-10
2,2,2,2,0.605,0.45620215542002984 - 0.4295581108718292im,0.15199059904787587 + 0.03477767506722816im,5.488637923907826e-10
2,2,2,2,0.61,0.45824878455485824 - 0.42878848377125894im,0.15448125369859483 + 0.035984633491540394im,6.428863016774776e-10
2,2,2,2,0.615,0.46031955974632105 - 0.42800594381105694im,0.15703194998098674 + 0.03722970216074231im,1.1027946962267225e-9
2,2,2,2,0.62,0.4624150858969647 - 0.42721009767275375im,0.15964491509769319 + 0.038514585457886476im,9.791214519739409e-10
2,2,2,2,0.625,0.46453599071559193 - 0.42640053409472123im,0.16232248414965544 + 0.039841087311364994im,6.459224865663892e-10
2,2,2,2,0.63,0.4666829258110434 - 0.4255768228002144im,0.16506710638171027 + 0.04121111900858204im,7.332480701476214e-10
2,2,2,2,0.635,0.46885656784775903 - 0.42473851334914164im,0.16788135265538756 + 0.042626708099368145im,7.708026985012982e-10
2,2,2,2,0.64,0.47105761976732136 - 0.4238851339074473im,0.17076792169893482 + 0.0440900055082557im,1.197390073851543e-9
2,2,2,2,0.645,0.47328681208017437 - 0.423016189927482im,0.17372964808251337 + 0.04560329520884471im,1.351574544376732e-9
2,2,2,2,0.65,0.4755449042322335 - 0.422131162732116im,0.17676951037810115 + 0.04716900325260759im,1.1968485373532807e-9
2,2,2,2,0.655,0.4778326860513525 - 0.42122950799472786im,0.17989063992222595 + 0.04878971025618616im,1.2740978980228782e-9
2,2,2,2,0.66,0.4801509792792012 - 0.4203106541065189im,0.1830963299242294 + 0.05046816054581623im,1.4297842114128387e-9
2,2,2,2,0.665,0.48250063919429426 - 0.4193740004217807im,0.18639004584991203 + 0.052207277446571936im,1.2499869572059303e-9
2,2,2,2,0.67,0.48488255633262545 - 0.41841891537095993im,0.18977543537074335 + 0.05401017394999993im,1.3803572903828631e-9
2,2,2,2,0.675,0.48729765831286276 - 0.417444734430391im,0.19325634086295765 + 0.0558801702003425im,1.3013668096682676e-9
2,2,2,2,0.68,0.48974691177362834 - 0.4164507579365429im,0.1968368109045137 + 0.05782080776434154im,1.2876277230968662e-9
2,2,2,2,0.685,0.49223132443114853 - 0.4154362487315482im,0.200521113984465 + 0.05983586801002149im,1.346126927264016e-9
2,2,2,2,0.69,0.49475194726630745 - 0.4144004296254497im,0.20431375278566868 + 0.061929390867371426im,1.4189956249012522e-9
2,2,2,2,0.695,0.4973098768510268 - 0.41334248065931206im,0.20821947940038618 + 0.06410569671347548im,1.4023132953486496e-9
2,2,2,2,0.7,0.4999062578250071 - 0.41226153615173383im,0.21224331226000387 + 0.06636940676749793im,1.466925344520563e-9
2,2,2,2,0.705,0.5025422855347604 - 0.4111566815096678im,0.21639055391201512 + 0.06872546990469583im,9.938314364745472e-10
2,2,2,2,0.71,0.5052192088485677 - 0.41002694978251947im,0.22066681073148878 + 0.0711791890785191im,1.0189713491323478e-9
2,2,2,2,0.715,0.5079383331620394 - 0.4088713179363897im,0.2250780141726126 + 0.07373625041205878im,1.0240955293502678e-9
2,2,2,2,0.72,0.510701023611189 - 0.40768870282297615im,0.2296304436548507 + 0.07640275545570026im,1.179468260561687e-9
2,2,2,2,0.725,0.5135087085114494 - 0.4064779568149968im,0.23433075183909272 + 0.07918525796022262im,1.2084363968697216e-9
2,2,2,2,0.73,0.5163628830438691 - 0.4052378630769857im,0.2391859922798139 + 0.08209080022673125im,1.304305274939026e-9
2,2,2,2,0.735,0.519265113211998 - 0.40396713043693266im,0.24420364933839925 + 0.08512695847008858im,1.3827618207322144e-9
2,2,2,2,0.74,0.5222170400964498 - 0.4026643878204315im,0.2493916716828215 + 0.08830188737811888im,1.4823696416666308e-9
2,2,2,2,0.745,0.5252203844376937 - 0.4013281782045656im,0.2547585083024242 + 0.0916243729146935im,1.5952554686906569e-9
2,2,2,2,0.75,0.5282769515819855 - 0.3999569520437926im,0.2603131494701923 + 0.09510388848374708im,1.717359653252517e-9
2,2,2,2,0.755,0.531388636830405 - 0.398549060114315im,0.266065171072622 + 0.0987506581985942im,1.8535345610690602e-9
2,2,2,2,0.76,0.5345574312371301 - 0.39710274571675064im,0.27202478481094877 + 0.10257572593614164im,1.0100831656789896e-9
2,2,2,2,0.765,0.5377854279099444 - 0.39561613616919444im,0.2782028936266066 + 0.10659103235368997im,1.0581857316808772e-9
2,2,2,2,0.77,0.5410748288745919 - 0.3940872335137663im,0.28461115418155686 + 0.11080950047509774im,3.0537824712274695e-10
2,2,2,2,0.775,0.5444279525744274 - 0.39251390434915634im,0.2912620470543381 + 0.11524513102364457im,2.860034911898221e-10
2,2,2,2,0.78,0.5478472420886383 - 0.3908938686892603im,0.29816895601879423 + 0.11991310864582422im,2.0725265691666456e-10
2,2,2,2,0.785,0.5513352741665173 - 0.38922468773330765im,0.30534625790438513 + 0.12482992100123513im,3.8117515251436315e-10
2,2,2,2,0.79,0.5548947691918317 - 0.3875037504153527im,0.3128094246249464 + 0.13001349318442706im,2.7514293320519937e-10
2,2,2,2,0.795,0.558528602211527 - 0.38572825858026205im,0.3205751401881364 + 0.13548333791856634im,1.883206389012083e-10
2,2,2,2,0.8,0.5622398151870609 - 0.3838952106082062im,0.32866143458881203 + 0.14126072672933984im,1.7904570900238395e-10
2,2,2,2,0.805,0.5660316306550697 - 0.3820013832796889im,0.3370878379670781 + 0.14736888408390253im,2.0392735343886166e-10
2,2,2,2,0.81,0.5699074670192533 - 0.38004331163667066im,0.34587555878270054 + 0.1538332081530588im,2.2674348149076377e-10
2,2,2,2,0.815,0.5738709557363689 - 0.3780172665512928im,0.355047690815594 + 0.16068152448643655im,3.054055152247617e-10
2,2,2,2,0.82,0.577925960710219 - 0.37591922965977065im,0.3646294535514534 + 0.16794437780971982im,1.8177228137267586e-10
2,2,2,2,0.825,0.5820766002683435 - 0.37374486525327244im,0.37464847441351584 + 0.17565536818781702im,2.467962915328563e-10
2,2,2,2,0.83,0.5863272721706574 - 0.3714894886365352im,0.3851351191249955 + 0.18385154347419777im,2.093711842549155e-10
2,2,2,2,0.835,0.5906826821904329 - 0.3691480303650798im,0.3961228811157137 + 0.19257385608936153im,1.8803916741090196e-10
2,2,2,2,0.84,0.595147876919814 - 0.36671499564799315im,0.40764884271355395 + 0.20186770055519482im,7.031019077993537e-10
2,2,2,2,0.845,0.5997282815903768 - 0.3641844180486705im,0.4197542230402763 + 0.21178354635719066im,7.698214254086777e-10
2,2,2,2,0.85,0.6044297438708491 - 0.3615498064226903im,0.4324850319049528 + 0.222377691474262im,7.106122175112586e-10
2,2,2,2,0.855,0.6092585848192388 - 0.3588040837880775im,0.44589285336891105 + 0.23371316038908546im,9.571408470368338e-10
2,2,2,2,0.86,0.614221658437108 - 0.355939516514586im,0.4600357906122293 + 0.24586078483261797im,8.498777145063071e-10
2,2,2,2,0.865,0.6193264216172435 - 0.3529476318243895im,0.4749796095090124 + 0.25890050929702796im,8.244242618824646e-10
2,2,2,2,0.87,0.6245810167164575 - 0.3498191210901211im,0.4907991325270164 + 0.272922980418049im,9.293434740633472e-10
2,2,2,2,0.875,0.6299943695531567 - 0.3465437257596851im,0.5075799463375258 + 0.28803149674041273im,1.1742591028533769e-9
2,2,2,2,0.88,0.635576306371147 - 0.34311010187920343im,0.5254205092751926 + 0.304344415318282im,9.202085858126978e-10
2,2,2,2,0.885,0.6413376942889656 - 0.33950565805251964im,0.5444347711376524 + 0.3219981468874109im,9.728653027322466e-10
2,2,2,2,0.89,0.6472906110562998 - 0.3357163601645785im,0.5647554566421938 + 0.3411509163725091im,1.0093470487130903e-9
2,2,2,2,0.895,0.6534485516967654 - 0.33172649415665073im,0.5865382165868362 + 0.3619875274459632im,1.0522243216174451e-9
2,2,2,2,0.9,0.6598266820168025 - 0.3275183753546838im,0.6099669300362889 + 0.38472545735686237im,1.0814852534931272e-9
2,2,2,2,0.905,0.6664421522842425 - 0.32307198899176187im,0.6352605487371151 + 0.40962274170926005im,1.1224927069517007e-9
2,2,2,2,0.91,0.6733144890531462 - 0.31836454113745005im,0.6626820404264063 + 0.4369882957695653im,1.1563347392018343e-9
2,2,2,2,0.915,0.6804660897859757 - 0.3133698914882741im,0.692550231786573 + 0.4671956062790174im,1.1761903898804802e-9
2,2,2,2,0.92,0.6879228546293906 - 0.3080578281828828im,0.725255723777053 + 0.5007011653102593im,1.1936950914171446e-9
2,2,2,2,0.925,0.6957150040906537 - 0.3023931280450721im,0.7612826381179532 + 0.5380696974401127im,1.2425940346411771e-9
2,2,2,2,0.93,0.7038781531675088 - 0.29633432022279727im,0.8012388855020691 + 0.5800093338136195im,1.1575641042812833e-9
2,2,2,2,0.935,0.7124547463419778 - 0.28983203162730975im,0.8458991856387367 + 0.6274216891586802im,1.1560431230201042e-9
2,2,2,2,0.94,0.7214960118761425 - 0.28282672929953034im,0.8962676796953536 + 0.6814748853939713im,1.397031149712922e-9
2,2,2,2,0.945,0.7310646828015138 - 0.2752455703768446im,0.9536715744713026 + 0.7437129961386365im,1.7224979010832548e-9
2,2,2,2,0.95,0.7412388837912404 - 0.26699789153429687im,1.0199056875356463 + 0.8162253987083833im,2.0901039824539297e-9
2,2,2,2,0.955,0.7521178531797867 - 0.2579685505382553im,1.097463982518014 + 0.9019188365608021im,2.4595320770758498e-9
2,2,2,2,0.96,0.7638306740965123 - 0.24800773358351397im,1.1899271946704288 + 1.0049744819303066im,1.5244745372591697e-9
2,2,2,2,0.965,0.7765501890176204 - 0.23691464953994681im,1.3026475653697676 + 1.1316586959048118im,1.6377808092797422e-9
2,2,2,2,0.97,0.7905164027443226 - 0.22440997934564255im,1.4440419372696207 + 1.2918617009586162im,1.8262590470000977e-9
2,2,2,2,0.975,0.8060786468000966 - 0.21008596366351623im,1.628252228963264 + 1.5022817446455168im,2.0685697086005876e-9
2,2,2,2,0.98,0.8237788100671182 - 0.19330722016627488im,1.8812841066383208 + 1.7938210909396441im,2.430045580455215e-9
2,2,2,2,0.985,0.8445381235741615 - 0.17298640124061135im,2.2576773833947135 + 2.2318174484450615im,1.7813099500975625e-8
2,2,2,2,0.99,0.8701676747221487 - 0.1469655675496413im,2.8989470748856934 + 2.9874796771684893im,3.175536515497273e-9
2,2,2,2,0.995,0.9053681332350202 - 0.10957192217496625im,4.367181549741271 + 4.747692617052774im,1.2260210093281322e-8
